Customer,Age,Sex,F,M,R,DM
1,43,F,20,171590,7,yes
2,45,M,6,50340,25,no
3,42,M,12,105200,82,no
4,43,M,6,47550,83,no
5,36,F,24,178110,11,yes
6,35,M,20,120890,186,no
7,30,M,8,42780,37,no
8,40,F,9,54840,31,no
9,35,F,5,48200,131,no
10,33,M,2,19770,106,no
11,23,M,9,39620,117,no
12,37,M,5,40430,85,no
13,41,F,17,137220,42,no
14,36,F,22,166520,33,yes
15,35,M,29,168440,59,yes
16,32,F,19,123810,15,yes
17,39,M,25,153830,7,yes
18,39,M,4,39010,22,no
19,40,F,10,61290,173,no
20,38,F,9,82030,31,no
21,38,M,11,80430,109,no
22,30,M,15,111230,88,yes
23,36,F,11,58480,21,no
24,38,M,17,165630,57,yes
25,40,F,15,139690,51,no
26,34,M,18,163300,11,yes
27,35,F,10,93300,30,no
28,38,F,6,45670,27,no
29,39,M,9,55260,146,no
30,36,F,19,69190,23,yes
31,44,F,15,94790,22,yes
32,45,F,14,137680,19,yes
33,42,F,12,58990,51,no
34,40,M,2,16310,14,no
35,41,F,15,103630,15,yes
36,35,M,7,47970,92,no
37,38,F,10,73620,24,yes
38,36,F,21,212710,41,yes
39,34,M,18,123730,48,yes
40,43,F,19,145600,53,yes
41,42,F,8,58260,40,no
42,44,M,18,121980,166,no
43,27,F,20,194870,4,yes
44,41,F,9,75050,148,no
45,41,M,4,24270,114,no
46,42,F,12,94710,162,no
47,44,F,4,31630,33,no
48,33,F,13,106780,58,no
49,43,M,21,184710,192,no
50,37,F,6,51650,176,no
51,41,F,24,131280,51,yes
52,50,M,1,12650,4,no
53,38,M,19,125160,45,yes
54,39,F,7,99100,31,no
55,38,F,27,212290,44,yes
56,39,F,3,32390,138,no
57,33,F,13,66920,29,no
58,31,F,16,164340,36,yes
59,32,M,27,186130,119,yes
60,32,M,3,26340,77,no
61,36,F,30,237620,38,yes
62,35,F,4,25150,39,no
63,30,F,6,42350,18,no
64,40,F,15,98240,24,yes
65,40,M,17,114880,157,no
66,39,M,8,37010,2,yes
67,43,F,24,166070,180,no
68,34,M,3,17830,11,no
69,29,M,36,271980,56,yes
70,42,M,8,61670,39,no
71,37,M,26,167060,7,yes
72,36,F,5,39440,43,no
73,43,M,21,175110,111,yes
74,49,M,26,188070,14,yes
75,23,M,17,101720,98,yes
76,37,F,9,70180,13,yes
77,35,F,14,107910,21,yes
78,38,F,14,106240,26,yes
79,35,F,13,119400,106,no
80,34,M,8,94930,34,no
81,47,F,14,87100,7,yes
82,37,F,29,243800,30,yes
83,37,M,8,74430,24,no
84,43,F,17,81480,19,yes
85,34,F,27,236820,19,yes
86,29,F,10,62650,98,no
87,44,F,19,194360,5,yes
88,35,M,1,13230,24,no
89,44,M,9,67610,53,no
90,45,F,17,138740,36,yes
91,31,F,8,71980,9,no
92,30,M,29,119920,127,yes
93,47,F,2,17630,47,no
94,38,M,5,15390,107,no
95,32,F,8,71570,10,yes
96,34,M,11,63840,78,no
97,40,M,14,108770,35,yes
98,37,M,6,43280,13,no
99,39,F,10,83860,207,no
100,40,F,4,49180,49,no
101,39,F,16,159080,5,yes
102,40,M,6,54580,85,no
103,37,M,25,210060,33,yes
104,37,F,31,193350,169,yes
105,36,F,3,28580,24,no
106,31,F,11,75870,59,yes
107,39,F,18,111880,19,yes
108,41,F,14,107130,174,no
109,28,F,7,65060,60,no
110,35,M,22,207650,8,yes
111,39,F,12,80500,33,no
112,29,F,1,10290,147,no
113,34,F,10,89130,27,no
114,37,M,5,46490,2,no
115,26,M,22,59760,8,yes
116,31,M,20,190730,111,no
117,34,F,18,169340,57,yes
118,42,M,19,109750,35,yes
119,48,M,9,58530,6,yes
120,36,F,5,55290,109,no
121,47,M,15,86830,30,yes
122,49,F,5,36490,19,no
123,43,F,12,98800,27,yes
124,33,F,8,57550,16,yes
125,29,M,4,20230,1,yes
126,42,M,16,126330,30,yes
127,37,M,9,77350,16,yes
128,34,F,2,16800,204,no
129,33,M,5,43180,103,no
130,32,F,22,135700,51,yes
131,46,M,2,19890,17,no
132,39,M,1,12550,53,no
133,40,M,12,89660,97,no
134,41,M,3,17270,44,no
135,40,M,25,256500,44,yes
136,34,F,10,49020,19,no
137,37,M,40,312660,93,yes
138,32,F,10,78740,52,no
139,37,F,18,140810,6,yes
140,30,F,4,16580,116,no
141,43,F,14,135630,9,yes
142,34,F,7,47150,1,yes
143,33,F,5,32350,14,no
144,40,M,6,37140,58,no
145,33,F,18,97520,27,yes
146,42,F,25,207640,43,yes
147,40,F,9,86160,30,no
148,36,F,31,345160,1,yes
149,39,M,14,137020,24,yes
150,34,F,1,13370,12,no
151,31,F,7,63710,34,no
152,42,M,8,44630,1,no
153,36,F,16,75870,58,yes
154,41,M,13,115710,41,yes
155,37,F,10,66620,15,yes
156,34,F,19,107430,34,yes
157,40,F,4,31340,151,no
158,39,M,14,121000,10,yes
159,35,M,2,23070,16,no
160,38,M,2,20510,11,no
161,35,F,18,103340,33,yes
162,46,F,22,112700,39,yes
163,38,F,15,115580,3,yes
164,29,M,1,11010,30,no
165,41,F,15,92870,115,no
166,42,M,10,42230,31,no
167,35,F,20,107770,22,yes
168,43,F,7,53810,124,no
169,38,F,39,238680,48,yes
170,33,F,20,143140,30,yes
171,41,M,16,99830,102,yes
172,41,M,20,81220,79,yes
173,42,F,10,99310,114,no
174,37,M,2,22850,8,no
175,44,M,2,21510,63,no
176,34,F,8,73860,206,no
177,43,M,26,190380,12,yes
178,37,F,18,154480,117,yes
179,44,M,5,33510,16,no
180,33,F,27,181710,6,yes
181,30,M,22,241280,85,yes
182,41,M,18,139290,43,yes
183,32,F,8,74000,46,no
184,39,M,18,211660,51,yes
185,38,F,4,16540,76,no
186,32,F,5,46220,40,no
187,36,F,11,63000,174,no
188,42,M,19,104150,31,yes
189,36,F,15,85790,37,yes
190,33,F,20,168780,16,yes
191,37,M,6,36920,63,no
192,52,F,4,24850,60,no
193,33,F,23,209230,26,yes
194,38,M,13,51880,11,no
195,46,F,2,23170,4,no
196,46,M,2,13310,54,no
197,34,M,1,11830,4,no
198,44,F,3,21200,60,no
199,33,M,10,93670,6,no
200,38,M,7,39340,51,no
201,39,M,22,155560,117,yes
202,30,F,5,41520,22,no
203,30,F,6,55730,20,no
204,39,M,11,105930,41,no
205,39,M,2,16420,41,no
206,37,M,9,71730,113,no
207,44,F,7,48580,17,no
208,41,M,4,41790,5,no
209,34,M,8,47290,29,no
210,33,F,12,89380,33,yes
211,43,F,16,136800,29,yes
212,45,F,11,97610,4,no
213,41,F,35,200590,59,yes
214,40,F,3,23270,55,no
215,41,F,18,70740,56,yes
216,31,M,10,58510,30,yes
217,37,F,4,23380,51,no
218,33,F,3,25730,78,no
219,38,M,3,22190,27,no
220,30,M,11,82960,9,no
221,27,M,13,57700,24,yes
222,26,F,6,35130,3,no
223,42,F,1,8930,54,no
224,41,M,24,138570,25,yes
225,44,M,10,113480,7,yes
226,35,M,13,110800,27,yes
227,41,M,14,160330,39,yes
228,37,F,14,48550,90,yes
229,37,M,2,22040,3,no
230,36,F,21,215680,8,yes
231,35,M,19,93710,28,yes
232,36,F,8,55220,1,yes
233,25,F,18,94880,14,yes
234,47,M,18,90780,1,yes
235,34,M,10,79370,32,yes
236,43,F,19,108420,163,yes
237,41,M,16,103430,112,no
238,33,M,2,22350,4,no
239,25,M,18,139430,4,yes
240,37,F,37,236570,23,yes
241,39,M,7,64020,182,no
242,24,F,2,12410,45,no
243,37,F,7,77280,4,no
244,36,F,13,68920,115,no
245,39,F,4,46590,43,no
246,48,F,2,15460,55,no
247,44,F,6,36940,30,no
248,32,F,9,99020,13,yes
249,37,F,5,27770,197,no
250,32,F,29,138680,200,yes
251,34,M,1,12460,35,no
252,43,M,27,113050,38,yes
253,36,F,1,12100,10,no
254,30,M,8,80680,7,yes
255,43,F,10,81230,176,no
256,38,F,12,124600,55,yes
257,42,F,15,130640,14,yes
258,31,F,5,30190,31,no
259,31,F,21,103070,179,no
260,38,F,12,109660,15,yes
261,38,F,28,61830,28,yes
262,32,M,9,67740,20,yes
263,28,F,21,98170,43,yes
264,34,F,13,67820,41,yes
265,37,M,2,26560,73,no
266,44,M,4,33500,102,no
267,39,M,15,130560,188,no
268,36,M,20,62300,11,yes
269,34,M,30,305220,1,yes
270,39,M,13,108870,27,no
271,39,F,17,139450,17,yes
272,38,M,20,178720,101,yes
273,45,M,3,33280,134,no
274,39,M,30,278730,67,yes
275,40,F,6,43810,95,no
276,47,F,6,56560,223,no
277,39,M,26,120010,42,yes
278,39,F,5,60160,195,no
279,38,M,14,152250,162,no
280,44,F,27,223570,56,yes
281,40,F,19,128570,43,yes
282,39,F,11,77610,22,no
283,33,M,4,38840,25,no
284,38,M,13,112890,21,yes
285,39,F,2,20490,10,no
286,37,F,22,106290,17,yes
287,41,M,5,41460,40,no
288,42,F,4,30030,3,no
289,42,F,3,42550,48,no
290,37,F,21,159380,26,yes
291,41,F,9,80970,45,yes
292,45,F,19,186110,37,yes
293,41,F,12,110110,125,no
294,46,M,27,52790,43,yes
295,34,M,27,173500,20,yes
296,39,F,9,74350,4,yes
297,41,F,25,146470,33,yes
298,34,F,19,141210,52,yes
299,36,M,8,69590,93,no
300,36,F,9,70390,134,no
301,42,F,40,217660,24,yes
302,33,F,1,11980,36,no
303,40,M,14,68750,101,yes
304,33,F,23,165630,183,no
305,41,M,20,121620,1,yes
306,35,M,9,57910,73,no
307,32,M,10,83230,102,no
308,33,M,5,36650,89,no
309,39,M,4,35320,17,no
310,30,F,22,190030,37,yes
311,40,M,7,96410,20,yes
312,40,M,19,189130,14,yes
313,42,F,2,14170,177,no
314,38,M,28,177080,27,yes
315,37,F,6,53420,106,no
316,45,M,10,68650,53,no
317,33,M,6,32600,100,no
318,33,F,9,65590,28,no
319,38,M,14,53190,112,no
320,42,M,16,139120,60,yes
321,41,M,10,62730,26,no
322,39,F,1,13260,44,no
323,44,F,16,151990,28,yes
324,42,F,10,55560,52,no
325,33,F,4,41250,144,no
326,32,M,13,77790,120,no
327,30,M,17,158860,17,yes
328,42,F,29,212330,49,yes
329,36,M,1,13990,29,no
330,40,F,16,71070,11,yes
331,28,M,9,81670,31,no
332,44,F,26,112260,36,yes
333,42,F,19,126620,4,no
334,37,M,15,96190,60,no
335,41,F,7,33740,10,no
336,46,F,3,24990,114,no
337,35,M,30,217850,58,yes
338,40,F,3,46240,44,no
339,28,M,10,41810,44,yes
340,33,F,9,69880,57,no
341,39,F,10,44990,29,yes
342,41,F,3,31820,63,no
343,37,F,13,118740,18,no
344,38,F,23,173190,13,yes
345,31,F,24,111540,48,yes
346,38,M,25,218350,98,yes
347,36,F,2,15850,61,no
348,25,F,27,262240,222,yes
349,31,M,3,21970,26,no
350,40,F,1,10210,82,no
351,39,M,13,83340,20,yes
352,32,F,1,11730,12,no
353,33,F,20,63860,20,yes
354,35,F,17,178640,15,yes
355,30,F,22,153680,59,yes
356,27,M,31,183280,27,yes
357,38,F,25,191080,185,no
358,42,M,14,87300,92,no
359,43,F,5,52420,89,no
360,39,M,3,28030,33,no
361,35,F,4,33430,59,no
362,38,F,24,89240,49,yes
363,38,F,16,92460,14,yes
364,40,F,5,30930,87,no
365,33,M,15,120980,26,yes
366,30,F,17,123520,73,yes
367,33,M,25,157270,54,yes
368,37,M,16,102450,13,yes
369,43,F,27,104460,82,yes
370,33,F,4,36580,5,no
371,47,F,3,30140,1,no
372,47,F,5,29070,19,no
373,40,M,8,69660,30,no
374,36,M,10,99470,75,no
375,43,F,30,224650,11,yes
376,44,F,15,111900,7,yes
377,33,F,11,95150,57,no
378,35,M,19,59260,21,yes
379,43,F,17,63860,49,yes
380,32,F,14,114090,132,no
381,37,F,7,53800,26,yes
382,36,F,2,15520,120,no
383,40,F,11,50740,152,no
384,32,F,8,67930,23,no
385,37,F,12,101230,41,yes
386,44,F,4,27030,95,no
387,44,F,3,30000,58,no
388,38,M,24,190380,40,yes
389,37,M,16,124710,82,no
390,36,M,26,190500,12,yes
391,37,F,11,75350,46,no
392,47,M,13,121400,17,yes
393,47,F,29,228730,9,yes
394,32,F,15,110950,23,yes
395,41,F,17,94990,49,yes
396,38,M,11,116340,5,yes
397,34,M,14,126970,55,yes
398,38,M,10,76240,130,no
399,47,F,25,92270,107,yes
400,41,F,26,244670,55,yes
401,37,F,40,453410,215,yes
402,34,M,6,39960,11,no
403,31,M,12,87360,30,yes
404,34,F,9,20350,112,no
405,40,F,29,158630,98,yes
406,39,F,19,145300,37,yes
407,28,F,11,52340,47,no
408,40,F,2,47100,33,no
409,43,F,19,84620,58,yes
410,39,M,13,120380,14,yes
411,40,M,11,28560,20,no
412,41,F,9,98040,17,yes
413,40,M,8,76450,47,yes
414,32,F,8,56170,105,no
415,42,F,34,132360,218,yes
416,42,M,14,82650,44,yes
417,41,M,13,113410,19,yes
418,33,M,2,56620,51,no
419,33,F,3,21220,190,no
420,38,F,27,268490,2,yes
421,34,F,17,114660,44,yes
422,36,M,23,75980,32,yes
423,35,M,18,145970,15,yes
424,36,F,20,155900,5,yes
425,35,M,4,23210,18,no
426,37,F,19,107470,78,yes
427,30,M,4,30470,26,no
428,27,F,14,100740,4,yes
429,28,F,15,140690,205,no
430,40,M,4,22380,120,no
431,48,F,12,89820,13,no
432,39,M,26,147530,23,yes
433,36,M,4,21280,31,no
434,35,M,15,150690,29,yes
435,33,F,7,26980,172,no
436,43,F,3,19340,94,no
437,36,M,18,145910,43,yes
438,32,M,2,27980,120,no
439,29,F,5,51230,39,no
440,31,F,32,322650,57,yes
441,40,F,19,133200,11,yes
442,35,M,18,68610,169,no
443,41,F,30,306810,46,yes
444,45,F,4,30150,25,no
445,34,M,1,14460,104,no
446,33,M,18,185470,36,yes
447,46,M,1,17840,8,no
448,30,F,10,125640,17,no
449,35,M,12,47920,12,yes
450,37,M,15,127760,43,yes
451,48,M,5,27910,71,no
452,38,F,2,18120,36,no
453,37,F,4,25610,1,no
454,34,M,1,11980,102,no
455,30,M,23,166890,59,yes
456,39,F,23,212170,75,yes
457,38,F,7,27680,54,no
458,35,F,4,88270,116,no
459,42,F,24,149900,100,yes
460,28,F,30,142610,107,yes
461,37,F,20,142310,33,yes
462,35,M,29,139750,202,yes
463,37,M,18,219110,112,no
464,34,F,3,28360,2,no
465,40,M,9,80150,37,no
466,39,M,1,11920,113,no
467,45,M,3,20410,58,no
468,40,F,10,87390,44,no
469,44,F,1,13200,68,no
470,38,F,1,8260,25,no
471,31,F,28,169760,47,yes
472,35,F,27,146930,30,yes
473,34,F,27,128020,25,yes
474,36,M,5,40470,120,no
475,39,M,10,74840,48,no
476,35,M,5,45740,50,no
477,46,F,9,53900,7,yes
478,38,F,14,123950,66,yes
479,43,M,28,237670,41,yes
480,32,F,1,9450,118,no
481,39,F,14,96590,4,yes
482,34,M,13,67780,214,no
483,33,M,40,329760,17,yes
484,41,M,18,54730,53,yes
485,32,M,9,55050,90,no
486,43,M,11,104990,51,no
487,43,F,1,11850,107,no
488,35,M,18,131810,37,yes
489,38,F,24,88070,56,yes
490,32,F,10,95790,52,no
491,38,M,2,29820,114,no
492,37,M,8,60050,21,no
493,35,F,11,34090,21,yes
494,25,F,1,13390,206,no
495,29,F,3,37770,54,no
496,26,M,23,182780,27,yes
497,43,F,3,30270,32,no
498,38,F,16,104310,27,yes
499,36,M,19,114620,70,yes
500,38,F,17,134560,83,yes
501,33,F,4,32800,107,no
502,38,M,30,142260,82,yes
503,38,F,17,163630,31,yes
504,42,M,8,50550,46,no
505,44,M,13,120220,96,no
506,37,F,14,64100,33,yes
507,30,F,9,56480,53,no
508,36,F,1,11950,8,no
509,33,F,21,220230,160,yes
510,35,M,3,25640,1,no
511,38,F,16,125520,81,yes
512,36,M,18,103590,58,no
513,34,M,24,184790,26,yes
514,32,M,14,109100,22,yes
515,38,M,4,42970,93,no
516,34,M,9,46710,124,no
517,31,F,12,58810,202,no
518,42,M,19,202770,45,no
519,46,F,18,171350,88,yes
520,28,M,5,30030,75,no
521,51,F,11,102400,59,no
522,44,F,19,156270,28,yes
523,33,F,8,59790,34,no
524,33,M,40,278140,51,yes
525,31,F,27,141160,17,yes
526,44,M,3,25760,174,no
527,27,M,7,66970,37,no
528,38,F,4,32380,36,no
529,44,F,6,39330,9,no
530,39,F,2,22260,39,no
531,36,F,8,80080,12,no
532,36,F,4,32430,2,no
533,44,M,5,38980,35,no
534,37,M,10,102350,13,yes
535,32,M,15,132360,162,no
536,33,F,4,32930,30,no
537,35,M,4,28990,92,no
538,51,F,3,32390,174,no
539,32,F,27,246770,37,yes
540,37,M,13,80790,110,no
541,27,F,14,165300,33,yes
542,30,F,30,231580,13,yes
543,42,M,9,65620,98,no
544,29,F,3,30620,7,no
545,32,M,19,154260,44,yes
546,26,F,7,50570,86,no
547,33,F,9,70850,173,no
548,33,M,13,102050,29,yes
549,33,F,19,164380,32,yes
550,33,M,6,69950,8,no
551,33,M,1,14790,58,no
552,33,M,2,14330,69,no
553,41,M,24,126640,48,yes
554,29,F,15,153690,8,yes
555,40,F,18,133200,29,yes
556,31,M,20,113580,16,yes
557,36,M,6,39830,98,no
558,42,M,11,46950,88,no
559,38,M,18,147580,32,yes
560,45,F,1,10330,179,no
561,37,F,12,85860,59,no
562,38,F,2,14190,88,no
563,33,M,2,17150,122,no
564,35,F,26,269570,141,yes
565,46,M,9,60250,26,no
566,35,F,30,228480,37,yes
567,37,M,19,80110,18,yes
568,35,F,20,175380,216,no
569,34,M,28,244120,58,yes
570,48,F,3,43960,49,no
571,36,F,15,59680,37,yes
572,38,F,21,121460,4,yes
573,29,M,5,30610,15,no
574,44,M,27,195460,45,yes
575,44,F,4,31040,7,no
576,35,F,20,186230,17,yes
577,40,M,13,160810,27,yes
578,45,M,19,111320,6,yes
579,34,F,29,190050,59,yes
580,39,F,11,90950,13,yes
581,32,F,1,14670,4,no
582,31,M,18,131910,36,yes
583,30,F,5,33620,60,no
584,30,M,21,200830,103,yes
585,43,M,16,91600,97,no
586,38,M,18,126850,57,yes
587,38,F,17,36190,220,no
588,42,F,6,42270,128,no
589,46,F,9,78410,18,yes
590,34,F,17,124850,1,yes
591,40,M,13,116580,24,no
592,38,F,29,239640,12,yes
593,37,M,3,28510,6,no
594,38,F,12,77850,55,no
595,33,M,5,39530,52,no
596,33,M,20,89540,53,yes
597,38,M,16,90490,24,yes
598,40,M,7,53240,33,no
599,38,F,8,39920,131,no
600,37,F,4,28820,87,no
601,47,M,19,93470,3,yes
602,40,M,10,86220,50,no
603,40,M,2,14850,2,no
604,47,M,21,224620,155,no
605,28,F,24,201830,114,yes
606,51,F,7,79950,44,no
607,36,F,11,80260,45,yes
608,38,M,8,99570,102,no
609,38,M,17,127580,14,yes
610,40,F,5,52920,63,no
611,39,F,3,17110,112,no
612,37,F,1,12400,41,no
613,37,F,15,93140,25,yes
614,35,M,11,47500,36,no
615,35,F,4,111410,126,no
616,36,F,17,195980,52,yes
617,27,M,5,43120,4,no
618,26,F,9,54930,8,yes
619,47,F,8,66660,125,no
620,34,M,11,96050,53,yes
621,34,M,9,74700,26,no
622,30,F,2,22330,60,no
623,34,F,1,9980,16,no
624,31,M,3,30430,16,no
625,33,F,9,85100,33,no
626,29,F,10,71290,24,yes
627,41,F,27,189670,61,yes
628,33,F,4,17950,32,no
629,26,M,4,28250,15,no
630,37,F,19,125700,57,yes
631,40,F,5,34190,49,no
632,38,F,19,141260,32,yes
633,34,F,27,156340,6,yes
634,35,F,4,34690,36,no
635,41,F,1,14240,51,no
636,36,M,3,23550,130,no
637,38,M,6,52840,87,no
638,29,M,26,295810,37,yes
639,39,F,10,90970,54,yes
640,34,F,8,52060,4,yes
641,35,M,14,87650,3,yes
642,35,F,26,166610,5,yes
643,37,F,3,18900,49,no
644,28,F,3,32370,10,no
645,29,M,2,24890,168,no
646,37,F,18,145660,139,no
647,34,M,7,39120,55,no
648,39,M,1,12200,116,no
649,37,F,19,76490,68,yes
650,37,F,10,57750,43,no
651,32,M,5,27460,32,no
652,39,F,5,54910,45,no
653,34,M,5,56470,6,no
654,34,M,8,60440,28,no
655,33,M,8,74060,58,no
656,40,F,2,10780,58,no
657,33,F,20,174550,37,yes
658,40,F,15,158070,133,yes
659,33,F,12,79470,106,no
660,37,F,25,265990,27,yes
661,41,F,9,83090,5,yes
662,30,M,1,11870,108,no
663,35,F,19,125960,23,yes
664,35,F,18,150280,9,yes
665,37,F,4,38050,43,no
666,45,M,37,307910,11,yes
667,40,M,8,96760,211,no
668,42,M,13,109480,53,no
669,36,M,12,71550,51,no
670,35,F,20,194150,211,no
671,31,F,2,20980,54,no
672,43,F,12,145260,115,no
673,41,F,17,73010,86,yes
674,41,M,5,52380,22,yes
675,32,F,21,218540,55,yes
676,45,M,14,100830,183,no
677,27,F,9,72680,36,no
678,40,F,22,94920,53,yes
679,36,M,15,141820,40,no
680,46,F,9,62630,31,no
681,33,M,5,41810,97,no
682,40,M,27,181620,29,yes
683,32,F,19,159820,47,yes
684,39,M,19,165210,81,yes
685,37,F,18,122400,50,yes
686,37,F,1,10440,2,no
687,43,F,16,92160,120,no
688,40,M,17,77080,17,yes
689,43,F,4,44670,34,no
690,39,M,18,140660,35,yes
691,33,M,5,25240,8,no
692,36,M,8,51440,30,yes
693,30,F,16,42600,18,yes
694,46,F,7,39020,1,yes
695,45,F,22,162690,94,yes
696,39,F,18,140810,15,yes
697,42,F,11,45930,78,no
698,34,F,14,123570,14,yes
699,36,M,12,78780,37,yes
700,36,M,24,238610,48,yes
701,52,F,13,86600,80,yes
702,43,M,26,100260,59,yes
703,44,F,9,80400,22,no
704,33,F,20,134870,20,yes
705,46,M,1,12160,7,no
706,41,F,30,279060,32,yes
707,33,M,3,22610,30,no
708,24,M,25,210100,27,yes
709,35,M,1,12480,50,no
710,40,F,8,64560,40,no
711,40,F,20,119300,21,yes
712,37,M,2,21790,228,no
713,37,M,7,55790,62,no
714,42,F,25,249940,44,yes
715,37,F,29,165710,29,yes
716,35,M,4,30140,226,no
717,30,M,15,160910,85,no
718,38,M,4,27600,31,no
719,34,F,13,57040,11,yes
720,33,M,26,145980,58,yes
721,40,F,9,88530,31,no
722,36,F,19,122280,57,yes
723,42,F,9,94500,90,no
724,42,F,14,104540,41,yes
725,44,M,16,150370,44,yes
726,38,F,22,175620,24,yes
727,44,F,14,128050,59,yes
728,33,M,27,175720,7,yes
729,36,M,3,28350,43,no
730,45,F,2,21230,24,no
731,40,F,33,326430,39,yes
732,32,F,14,125280,11,yes
733,36,F,29,281090,116,yes
734,41,M,9,60820,24,no
735,33,F,2,21640,36,no
736,35,F,28,318240,171,yes
737,44,F,30,160060,49,yes
738,37,F,14,61060,73,yes
739,38,M,7,46090,22,yes
740,40,M,14,158430,31,yes
741,49,F,15,105210,90,no
742,35,M,4,34740,46,no
743,33,M,20,117910,44,yes
744,36,M,1,10690,25,no
745,42,F,18,150230,35,yes
746,36,M,10,98360,29,no
747,41,M,8,49380,10,no
748,39,M,5,37500,14,no
749,30,F,7,61110,26,no
750,40,M,15,162960,37,no
751,36,M,8,46090,49,no
752,34,F,15,58520,145,no
753,37,M,10,73340,47,no
754,26,M,13,97190,9,yes
755,44,F,26,201970,181,yes
756,28,F,5,40390,141,no
757,40,M,9,54010,138,no
758,35,M,5,53770,59,no
759,41,F,11,76780,37,yes
760,43,F,16,144880,145,no
761,36,F,16,134030,42,yes
762,39,M,9,56580,54,no
763,46,M,3,27620,5,no
764,42,F,20,116270,18,yes
765,35,M,9,62880,97,no
766,37,M,12,100390,108,no
767,20,M,6,58940,106,no
768,34,M,5,36230,21,no
769,35,F,12,95330,143,no
770,38,M,14,109430,85,no
771,30,F,7,52180,21,no
772,38,F,6,26200,4,no
773,38,M,5,53060,43,no
774,33,M,11,60410,19,no
775,41,M,15,152700,75,yes
776,36,M,1,9000,58,no
777,39,F,5,24850,46,no
778,42,F,30,258290,44,yes
779,37,M,2,15270,28,no
780,36,F,18,103280,15,yes
781,43,F,16,117300,111,yes
782,43,M,10,94030,18,no
783,39,M,3,20680,19,no
784,38,M,14,83580,92,yes
785,34,F,24,153450,32,yes
786,28,M,5,32360,2,no
787,30,F,4,27810,44,no
788,32,M,18,98530,34,yes
789,39,F,26,175380,13,yes
790,44,F,12,111090,42,no
791,37,F,14,92930,10,yes
792,25,F,16,85150,95,yes
793,35,F,26,164350,11,yes
794,46,F,1,17330,10,no
795,29,M,7,65070,30,no
796,45,F,15,163330,2,yes
797,38,F,19,98470,87,no
798,43,M,15,87580,20,yes
799,34,F,25,181060,16,yes
800,36,F,13,81320,12,yes
801,36,M,17,198700,45,yes
802,38,F,15,80350,45,no
803,32,F,7,45880,183,no
804,42,F,14,118250,29,yes
805,32,M,12,86530,13,yes
806,42,F,5,38920,17,no
807,37,F,3,21010,48,no
808,34,M,9,17110,55,no
809,32,M,4,41470,29,no
810,35,M,6,61830,70,no
811,20,M,5,98520,76,no
812,38,M,9,42110,151,no
813,37,F,23,211840,52,yes
814,36,F,10,67970,39,yes
815,35,M,3,27670,34,no
816,41,F,18,186650,119,no
817,30,F,14,105220,32,yes
818,40,F,6,39950,50,no
819,36,F,1,12760,183,no
820,32,M,7,51820,30,no
821,37,M,2,18080,10,no
822,39,F,32,188280,46,yes
823,38,F,14,115910,18,yes
824,45,F,19,202700,68,yes
825,35,F,6,71850,6,no
826,48,F,2,20170,55,no
827,42,M,7,42600,21,no
828,40,M,9,49060,53,no
829,46,F,3,22370,47,no
830,40,F,15,81500,2,yes
831,35,M,20,128650,159,yes
832,37,F,4,42250,15,no
833,39,M,1,10570,173,no
834,34,F,40,459670,50,yes
835,40,M,16,92930,93,no
836,37,F,15,125090,27,yes
837,40,M,13,95970,40,no
838,34,F,14,112150,71,yes
839,34,F,22,224230,31,yes
840,21,M,7,70740,58,no
841,42,F,3,28830,36,no
842,37,F,3,15910,52,no
843,28,M,8,54220,60,no
844,38,M,11,94670,42,yes
845,30,F,16,123770,24,yes
846,39,F,10,95020,76,no
847,39,M,1,11210,10,no
848,42,F,11,87620,83,no
849,27,M,9,72370,5,yes
850,35,M,3,26390,3,no
851,28,M,8,42460,19,no
852,43,M,18,116840,33,yes
853,45,F,13,86670,83,no
854,43,F,14,107010,119,no
855,39,F,28,282900,96,yes
856,39,M,2,21580,26,no
857,48,F,18,100170,46,yes
858,33,F,3,20350,93,no
859,39,M,16,129690,11,yes
860,31,M,13,82910,15,yes
861,38,F,11,120470,48,yes
862,40,M,14,102220,132,no
863,44,F,12,112920,18,no
864,40,F,15,153190,56,yes
865,41,F,3,22210,6,no
866,46,F,12,46260,188,no
867,30,F,7,50830,27,no
868,37,F,12,81060,73,yes
869,47,F,11,109800,22,yes
870,39,F,1,48900,28,no
871,29,F,5,55350,110,no
872,44,M,29,306230,17,yes
873,42,M,1,11010,13,no
874,31,F,2,23820,43,no
875,38,M,5,29210,106,no
876,41,M,4,30720,97,no
877,47,M,14,150880,177,no
878,38,M,24,139260,34,yes
879,34,M,8,58220,76,no
880,32,F,11,76760,15,yes
881,29,F,15,92860,1,yes
882,44,F,19,140380,30,yes
883,32,M,24,181620,9,yes
884,30,F,19,161290,50,yes
885,36,F,16,97800,30,yes
886,42,F,1,12030,47,no
887,29,F,19,130670,185,no
888,38,M,2,21780,18,no
889,41,M,14,117640,5,yes
890,42,M,28,232380,1,yes
891,38,M,9,78000,52,yes
892,43,F,1,11380,20,no
893,29,M,8,67080,42,no
894,33,F,2,20350,26,no
895,41,F,35,310550,37,yes
896,37,M,16,124300,21,yes
897,47,M,15,100720,19,yes
898,32,F,29,206430,30,yes
899,38,F,3,24630,12,no
900,40,M,24,199350,104,yes
901,39,F,14,128540,20,yes
902,40,M,39,306810,8,yes
903,41,F,2,15530,18,no
904,28,F,20,182240,51,yes
905,34,M,3,28340,226,no
906,39,F,17,131740,30,yes
907,39,M,17,163690,6,yes
908,35,M,13,139760,13,yes
909,37,M,9,98080,25,no
910,32,M,6,32830,45,no
911,45,F,6,31010,97,no
912,42,F,8,48650,41,no
913,37,M,18,106130,16,yes
914,38,F,13,85650,113,no
915,42,F,10,50630,59,no
916,39,M,6,50330,17,no
917,32,F,20,188250,11,yes
918,22,F,20,189020,37,yes
919,37,M,5,33730,55,no
920,45,F,2,16380,145,no
921,39,M,5,37680,20,no
922,38,M,30,90750,168,yes
923,26,F,3,26250,85,no
924,35,F,5,28940,176,no
925,33,M,30,247740,45,yes
926,33,F,2,14520,8,no
927,34,M,23,232630,17,yes
928,30,M,3,30630,54,no
929,40,F,10,28370,23,yes
930,32,F,2,16110,51,no
931,28,M,2,18790,51,no
932,35,F,19,78760,148,no
933,42,M,3,86090,4,no
934,32,M,9,46030,11,yes
935,45,F,3,19490,73,no
936,34,F,30,215410,11,yes
937,42,F,26,222560,29,yes
938,35,F,18,176130,151,no
939,40,M,2,15790,10,no
940,36,M,25,190810,120,yes
941,34,F,17,95260,4,yes
942,41,F,27,194950,1,yes
943,28,F,11,90350,8,yes
944,34,F,5,42450,22,no
945,37,M,1,9020,179,no
946,36,F,30,372380,23,yes
947,33,M,10,94110,144,no
948,41,F,8,44600,175,no
949,32,F,17,125050,46,yes
950,45,F,10,80150,11,no
951,41,F,18,122290,2,yes
952,35,F,16,150290,43,no
953,32,F,22,182210,38,yes
954,32,F,16,145090,52,yes
955,35,F,3,23140,48,no
956,40,M,16,99960,54,yes
957,45,F,28,176430,14,yes
958,36,M,12,99980,154,no
959,37,M,5,30330,120,no
960,38,M,12,115160,50,no
961,37,M,5,43860,77,no
962,31,M,4,35470,92,no
963,36,M,29,191390,42,yes
964,30,F,11,83800,4,no
965,39,M,8,75500,2,no
966,35,M,20,104590,198,no
967,36,M,13,112800,74,yes
968,33,M,21,123500,20,yes
969,39,M,12,114840,14,yes
970,41,F,16,56800,23,yes
971,29,M,2,21330,28,no
972,31,F,7,53020,9,no
973,38,F,10,78850,16,no
974,37,F,21,159200,56,yes
975,34,M,12,119230,2,yes
976,40,F,18,89110,95,yes
977,32,F,20,186080,51,yes
978,29,F,6,43450,47,no
979,37,M,25,179760,11,yes
980,43,F,7,74170,172,no
981,30,M,3,21420,42,no
982,41,M,2,22300,48,no
983,36,F,14,127500,57,no
984,33,F,3,39470,39,no
985,33,F,7,45760,118,no
986,35,F,3,32830,36,no
987,40,M,17,122930,37,yes
988,41,M,9,38080,155,no
989,35,M,17,95110,15,yes
990,42,F,9,76840,136,no
991,34,F,9,46320,31,no
992,35,F,14,36300,70,no
993,41,F,5,38910,20,no
994,25,M,15,141590,21,yes
995,36,F,18,111160,8,yes
996,45,M,1,9460,28,no
997,41,F,5,36980,5,no
998,35,M,28,176560,1,yes
999,40,F,11,59400,29,yes
1000,34,F,35,182030,48,yes
1001,40,M,2,20190,35,no
1002,40,F,8,65230,28,no
1003,45,F,17,182790,26,yes
1004,30,M,3,29410,76,no
1005,45,M,4,34530,35,no
1006,38,M,5,42950,107,no
1007,40,F,12,44620,54,no
1008,40,F,12,88500,13,yes
1009,44,M,23,80190,1,yes
1010,38,F,6,14890,27,no
1011,33,M,17,128120,99,no
1012,40,M,19,90230,111,yes
1013,35,F,20,155320,85,yes
1014,40,F,5,41020,12,no
1015,39,F,28,253660,2,yes
1016,30,F,1,11410,95,no
1017,35,M,10,79400,120,no
1018,39,M,13,109040,15,yes
1019,44,M,11,57960,19,yes
1020,36,M,16,125980,4,yes
1021,41,F,19,127870,34,yes
1022,32,F,27,201040,64,yes
1023,41,F,11,115160,35,yes
1024,33,F,20,91640,30,yes
1025,37,M,28,253040,4,yes
1026,45,F,34,219560,22,yes
1027,38,M,3,26980,8,no
1028,36,F,15,105590,13,yes
1029,42,F,15,124590,27,yes
1030,32,F,6,61140,212,no
1031,36,F,9,51400,41,no
1032,35,F,12,140500,157,no
1033,35,F,1,10900,39,no
1034,27,M,4,27220,132,no
1035,44,F,7,87290,58,no
1036,45,M,8,84020,10,no
1037,35,M,15,93480,10,yes
1038,42,F,16,97580,13,yes
1039,32,F,20,191640,55,no
1040,40,F,14,104250,6,yes
1041,40,F,11,97500,57,yes
1042,35,F,28,211100,23,yes
1043,38,M,15,93120,145,no
1044,36,F,13,114830,32,yes
1045,35,F,10,70530,108,no
1046,42,F,22,155800,59,yes
1047,40,M,22,135230,48,yes
1048,41,F,10,68440,37,no
1049,47,F,12,103310,24,yes
1050,37,F,10,62710,52,yes
1051,45,F,9,69410,78,no
1052,37,F,27,252270,16,yes
1053,38,M,14,92600,61,yes
1054,34,F,5,40350,10,no
1055,26,F,4,27230,59,no
1056,34,F,10,77360,41,no
1057,31,F,33,180440,6,yes
1058,35,M,15,121900,66,no
1059,38,F,8,72260,15,no
1060,33,M,2,11840,20,no
1061,38,F,15,189440,64,no
1062,39,M,4,26040,69,no
1063,56,M,9,61890,78,no
1064,42,F,29,247980,14,yes
1065,41,F,1,13600,217,no
1066,38,F,14,69520,119,no
1067,36,F,16,96710,53,yes
1068,36,F,20,65280,3,yes
1069,30,M,9,78170,99,no
1070,36,F,8,86480,122,no
1071,44,M,1,12050,4,no
1072,42,F,14,114680,30,yes
1073,36,F,8,32600,18,yes
1074,37,F,10,92280,52,yes
1075,43,F,13,100840,22,yes
1076,35,F,3,23890,19,no
1077,33,F,1,11700,27,no
1078,40,F,5,16320,3,no
1079,40,F,9,77810,25,no
1080,28,F,16,120740,36,yes
1081,29,F,14,123580,57,yes
1082,32,M,17,132990,11,yes
1083,42,F,16,104760,117,yes
1084,39,M,18,138910,29,yes
1085,34,M,1,11680,59,no
1086,40,M,6,55670,77,no
1087,34,F,36,305600,224,yes
1088,38,M,3,35360,161,no
1089,32,F,10,59880,5,yes
1090,36,M,7,89780,29,no
1091,35,F,23,155140,117,yes
1092,33,F,7,53700,106,no
1093,35,M,4,43720,3,no
1094,50,F,9,83270,13,yes
1095,29,F,8,66030,38,no
1096,43,M,17,120780,35,yes
1097,30,M,12,115530,51,no
1098,44,M,35,282030,129,yes
1099,30,M,29,225920,1,yes
1100,44,M,4,29150,51,no
1101,36,M,4,27350,53,no
1102,38,F,14,124850,28,yes
1103,42,F,1,11090,6,no
1104,39,F,7,52730,42,no
1105,39,F,3,38280,15,no
1106,39,M,1,11760,22,no
1107,35,F,6,57500,40,no
1108,37,M,2,21230,36,no
1109,36,F,21,174940,21,yes
1110,43,F,11,72890,22,yes
1111,43,F,25,213150,48,yes
1112,35,F,4,17270,65,no
1113,37,F,3,36750,64,no
1114,41,M,22,126130,79,yes
1115,32,F,29,225240,8,yes
1116,40,F,2,19980,94,no
1117,39,M,5,20630,41,no
1118,42,M,16,150600,60,yes
1119,42,F,21,146180,29,yes
1120,35,F,15,100630,28,yes
1121,35,M,4,31770,4,no
1122,28,M,15,84980,90,no
1123,39,M,6,18870,22,no
1124,32,F,2,18220,46,no
1125,42,F,13,112410,5,yes
1126,33,F,18,131280,112,yes
1127,33,F,13,88920,181,no
1128,36,M,16,72560,7,yes
1129,48,F,15,83480,91,yes
1130,43,F,9,52770,16,no
1131,35,M,20,141770,58,yes
1132,32,F,2,18030,30,no
1133,28,M,11,107870,1,no
1134,25,F,1,13450,1,no
1135,40,F,16,120830,21,yes
1136,39,F,13,100350,32,yes
1137,42,M,17,115640,29,yes
1138,48,F,17,135840,45,yes
1139,32,M,12,99240,12,yes
1140,40,F,9,81160,105,no
1141,38,M,25,203350,28,yes
1142,39,M,13,129100,14,yes
1143,29,F,18,88220,148,yes
1144,42,M,27,217740,28,yes
1145,39,M,6,46930,86,no
1146,40,F,17,88770,8,yes
1147,32,M,17,224710,41,yes
1148,30,M,20,136460,113,no
1149,37,M,7,66030,25,no
1150,43,M,5,39660,59,no
1151,39,F,30,263000,13,yes
1152,41,F,25,161810,62,yes
1153,25,F,6,48200,19,no
1154,33,M,21,224050,32,yes
1155,30,F,8,64070,1,yes
1156,34,M,23,184320,23,yes
1157,35,M,2,23140,14,no
1158,42,F,13,84940,119,no
1159,40,M,2,17690,48,no
1160,25,F,8,66590,62,no
1161,42,F,29,237900,18,yes
1162,45,F,19,99920,25,yes
1163,31,F,2,24780,55,no
1164,32,F,11,95090,28,no
1165,34,F,1,10140,51,no
1166,32,F,28,163710,35,yes
1167,34,M,17,58560,63,no
1168,29,F,5,42190,194,no
1169,41,F,17,119860,66,yes
1170,32,F,4,44570,8,no
1171,37,M,18,163110,2,yes
1172,42,F,3,23380,201,no
1173,43,M,5,38740,44,no
1174,32,M,20,137890,35,yes
1175,39,M,29,235130,108,yes
1176,36,M,2,23060,17,no
1177,40,M,39,139460,8,yes
1178,40,F,4,34320,40,no
1179,28,M,16,173540,14,yes
1180,38,F,21,204640,2,yes
1181,36,F,19,195070,30,yes
1182,37,M,9,57730,48,no
1183,37,M,3,20820,21,no
1184,35,M,29,277350,52,yes
1185,35,M,19,122690,31,yes
1186,38,M,4,32440,25,no
1187,45,M,20,158010,38,yes
1188,40,M,30,232820,52,yes
1189,39,M,4,46480,41,no
1190,35,F,11,4550,42,yes
1191,43,F,1,11120,33,no
1192,43,M,1,12820,32,no
1193,35,M,28,101500,25,yes
1194,35,F,14,91210,58,yes
1195,27,M,30,189690,27,yes
1196,35,M,29,132010,44,yes
1197,44,M,6,40040,8,no
1198,39,F,8,54770,110,no
1199,47,F,12,43610,38,yes
1200,43,M,16,138940,23,yes
1201,39,F,15,91190,39,yes
1202,28,F,34,244810,52,yes
1203,46,M,16,104960,34,yes
1204,36,M,4,33030,158,no
1205,36,F,26,209220,58,yes
1206,32,M,14,96170,22,yes
1207,41,F,5,36120,26,no
1208,35,M,17,75100,44,yes
1209,33,M,20,218280,10,yes
1210,26,M,6,40540,6,no
1211,38,M,10,86350,35,no
1212,43,M,8,99420,5,yes
1213,37,F,8,93710,63,no
1214,40,F,1,10280,10,no
1215,47,M,13,70400,122,no
1216,35,F,20,205880,56,yes
1217,37,F,5,45540,40,no
1218,30,F,4,26280,52,no
1219,36,M,16,93950,21,yes
1220,39,F,5,40870,9,yes
1221,48,F,10,85650,161,no
1222,33,F,14,124940,56,yes
1223,33,M,18,164440,26,yes
1224,40,F,12,141910,7,yes
1225,46,F,22,169680,18,yes
1226,37,F,20,194380,52,yes
1227,39,M,40,255390,35,yes
1228,43,F,15,114150,7,yes
1229,48,M,8,74610,35,no
1230,28,F,1,14380,93,no
1231,39,M,1,15500,25,no
1232,38,M,12,76920,39,yes
1233,38,M,2,18150,4,no
1234,43,F,9,52970,164,no
1235,37,F,11,99960,21,yes
1236,38,F,18,137930,113,yes
1237,34,M,29,163490,41,yes
1238,44,M,27,164000,1,yes
1239,38,M,16,129840,21,yes
1240,44,F,28,243230,195,yes
1241,47,M,22,136720,170,no
1242,37,F,1,12430,46,no
1243,35,F,16,126960,1,yes
1244,39,F,16,153130,22,yes
1245,35,M,15,96280,34,no
1246,39,M,17,102730,74,yes
1247,27,F,25,178550,218,yes
1248,35,F,7,83450,28,no
1249,30,M,24,176770,57,yes
1250,32,M,16,129530,50,yes
1251,31,M,16,136350,99,yes
1252,34,M,26,158880,114,yes
1253,38,F,15,113130,55,yes
1254,33,M,17,125570,16,yes
1255,34,F,3,28770,22,no
1256,41,F,17,35420,206,no
1257,39,F,18,211290,76,yes
1258,33,F,27,130620,47,yes
1259,34,F,20,262000,41,yes
1260,43,F,6,39240,24,no
1261,40,F,8,41300,141,no
1262,40,M,20,103770,77,yes
1263,36,F,7,29710,37,no
1264,30,M,13,137540,9,no
1265,43,F,10,69240,8,no
1266,42,F,11,89880,16,yes
1267,44,M,3,13760,27,no
1268,46,F,22,145080,3,yes
1269,40,F,24,132400,14,yes
1270,38,M,13,89800,103,no
1271,36,F,16,101810,82,no
1272,41,F,27,158230,56,yes
1273,35,M,7,50800,111,no
1274,36,M,1,13300,47,no
1275,41,M,11,77640,54,no
1276,35,F,16,114330,41,yes
1277,26,F,18,138940,24,yes
1278,40,F,4,31010,37,no
1279,28,M,16,112510,83,no
1280,36,F,25,164450,13,yes
1281,38,F,19,175180,36,yes
1282,40,F,12,123540,60,yes
1283,42,M,13,86370,37,yes
1284,36,F,19,93530,21,yes
1285,28,M,1,13550,26,no
1286,43,F,15,102110,21,yes
1287,44,F,3,38500,35,no
1288,31,M,9,67840,80,no
1289,32,F,5,43790,23,no
1290,35,F,12,88210,30,yes
1291,43,F,10,48880,171,no
1292,36,M,5,40930,9,no
1293,35,M,6,52440,35,no
1294,38,F,1,12530,13,no
1295,40,F,2,20130,209,no
1296,39,M,15,104970,61,no
1297,42,M,7,60780,18,no
1298,33,M,1,10050,36,no
1299,43,M,1,11370,23,no
1300,40,F,17,78160,37,yes
1301,34,M,10,79760,28,yes
1302,38,F,1,10700,24,no
1303,35,F,2,15280,67,no
1304,33,M,24,167520,7,yes
1305,33,F,18,133860,20,yes
1306,40,F,1,14360,6,no
1307,48,F,21,133820,21,yes
1308,37,F,15,141670,97,no
1309,44,F,12,52290,4,yes
1310,46,F,22,198740,96,yes
1311,43,F,4,18140,19,no
1312,35,F,2,17740,92,no
1313,35,M,1,12620,31,no
1314,40,M,8,36390,30,no
1315,41,F,9,47560,13,yes
1316,36,M,18,141220,105,no
1317,50,M,1,10900,48,no
1318,43,F,13,90190,102,no
1319,35,F,17,117730,118,yes
1320,37,F,15,107800,143,no
1321,35,F,18,153190,32,yes
1322,36,F,4,34420,30,no
1323,42,M,16,99620,34,yes
1324,33,F,11,52260,26,yes
1325,40,M,3,22270,78,no
1326,30,M,4,24880,100,no
1327,37,F,20,84980,109,yes
1328,31,M,10,92300,72,no
1329,31,F,19,156410,41,yes
1330,34,F,6,46180,14,no
1331,32,F,17,153010,27,yes
1332,36,F,13,96770,148,no
1333,41,M,9,66510,8,yes
1334,42,M,7,47380,24,no
1335,33,F,17,95870,40,yes
1336,41,F,17,120830,49,yes
1337,34,M,25,238200,16,yes
1338,30,F,31,316170,27,yes
1339,30,F,27,223880,49,yes
1340,40,F,18,103100,26,yes
1341,33,F,8,62970,114,no
1342,32,M,14,58470,44,yes
1343,45,F,12,52200,39,yes
1344,36,M,13,107780,12,no
1345,39,F,8,40710,43,no
1346,45,M,11,81080,46,yes
1347,42,M,3,21510,71,no
1348,31,F,12,98930,119,no
1349,28,F,11,142220,54,no
1350,34,M,17,130520,53,yes
1351,32,M,7,58830,46,no
1352,42,M,3,33670,96,no
1353,43,F,11,102850,57,no
1354,38,M,12,55970,97,no
1355,27,M,25,228150,24,yes
1356,30,M,7,31350,52,no
1357,24,F,10,55260,27,yes
1358,33,F,18,130860,180,no
1359,40,F,5,36760,111,no
1360,33,M,5,39150,132,no
1361,33,F,8,82010,30,no
1362,32,M,8,60170,62,no
1363,37,M,30,202760,42,yes
1364,38,F,9,36000,15,yes
1365,39,F,6,59950,25,no
1366,34,M,3,32080,13,no
1367,37,F,8,44520,52,no
1368,45,F,18,201930,17,yes
1369,36,M,4,98920,35,no
1370,41,F,15,164810,24,yes
1371,35,F,7,49890,42,no
1372,22,M,11,45770,12,yes
1373,42,M,2,19950,55,no
1374,35,F,28,213030,69,yes
1375,36,M,12,101550,51,no
1376,43,F,22,208500,76,yes
1377,43,F,16,163690,57,yes
1378,35,F,30,107120,60,yes
1379,41,F,16,91770,37,yes
1380,37,M,15,110110,51,yes
1381,45,F,4,38090,56,no
1382,42,M,9,45170,41,no
1383,34,F,8,69610,13,yes
1384,38,F,19,104640,113,no
1385,32,F,30,208520,29,yes
1386,37,F,30,171890,35,yes
1387,33,M,27,225420,25,yes
1388,30,M,4,34310,28,no
1389,37,M,33,176570,49,yes
1390,43,F,25,158980,165,yes
1391,28,F,5,36420,111,no
1392,38,M,17,139910,18,yes
1393,31,M,3,28830,47,no
1394,40,F,19,103490,57,yes
1395,39,M,2,20810,54,no
1396,42,F,8,90700,155,no
1397,41,M,3,21780,21,no
1398,43,F,30,200220,66,yes
1399,33,F,7,57970,14,yes
1400,32,M,28,286260,27,yes
1401,39,F,9,65520,16,yes
1402,40,F,2,13260,120,no
1403,33,F,1,10630,41,no
1404,38,M,7,48760,17,no
1405,32,F,4,27720,49,no
1406,51,F,7,70280,53,no
1407,40,M,7,55430,68,no
1408,35,F,8,60070,19,no
1409,38,F,14,76210,51,yes
1410,44,F,20,150520,94,yes
1411,42,M,9,91490,6,no
1412,43,F,3,21340,37,no
1413,38,M,30,236460,8,yes
1414,43,F,13,64550,8,yes
1415,41,M,10,62710,41,yes
1416,38,F,9,78210,61,no
1417,37,M,10,70840,39,no
1418,35,F,5,20150,43,no
1419,38,M,10,85000,7,yes
1420,41,M,15,103620,52,yes
1421,51,F,29,319230,139,yes
1422,37,F,17,149280,4,yes
1423,28,F,13,89810,143,no
1424,39,M,8,62890,11,no
1425,39,F,7,40630,40,no
1426,28,M,16,117140,143,no
1427,35,F,10,74900,31,no
1428,48,F,26,121170,101,yes
1429,30,F,5,38600,10,no
1430,40,F,2,20170,148,no
1431,32,F,14,98180,26,yes
1432,36,F,5,51560,61,no
1433,48,M,2,15030,6,no
1434,46,M,5,49200,92,no
1435,38,M,18,138560,47,yes
1436,37,M,10,48070,20,no
1437,30,F,13,55970,108,no
1438,40,F,1,7640,149,no
1439,40,F,15,104280,139,no
1440,29,F,10,82110,47,yes
1441,42,F,6,40080,102,no
1442,44,M,14,147120,86,no
1443,40,M,15,131870,48,yes
1444,31,F,2,20640,99,no
1445,37,F,24,191000,124,no
1446,32,F,3,19600,42,no
1447,41,F,20,165430,12,yes
1448,34,F,28,210460,39,yes
1449,33,F,18,144800,58,yes
1450,41,F,2,13070,16,no
1451,39,F,8,67850,12,no
1452,37,F,19,64650,49,yes
1453,42,M,3,21760,40,no
1454,41,M,2,23080,58,no
1455,32,F,10,28920,5,yes
1456,35,F,14,125860,115,no
1457,38,F,10,90040,101,no
1458,34,M,13,90560,91,no
1459,35,F,14,120790,40,yes
1460,35,F,24,149350,19,yes
1461,32,F,4,15500,4,no
1462,41,M,2,20000,34,no
1463,39,M,11,121260,23,no
1464,48,M,12,91120,41,yes
1465,41,M,34,148400,44,yes
1466,40,F,28,254880,150,yes
1467,43,M,2,17390,105,no
1468,35,M,29,121890,55,yes
1469,35,F,17,187850,23,yes
1470,34,F,3,37460,160,no
1471,36,M,6,33560,36,no
1472,29,F,4,39540,52,no
1473,39,F,40,152970,34,yes
1474,35,F,17,200710,8,yes
1475,48,M,18,73430,1,yes
1476,33,F,12,94210,7,yes
1477,36,M,17,100090,32,yes
1478,30,M,3,15440,41,no
1479,35,F,19,130260,26,yes
1480,39,M,8,116530,109,no
1481,33,M,12,105470,4,no
1482,36,M,13,75750,29,yes
1483,38,M,29,231650,118,yes
1484,35,F,20,145760,56,yes
1485,41,F,7,59420,94,no
1486,35,M,21,187150,7,yes
1487,35,F,28,177870,20,yes
1488,37,F,16,152210,25,yes
1489,41,M,3,36850,13,no
1490,42,M,14,91560,80,yes
1491,29,M,9,59850,48,no
1492,34,M,4,34170,21,no
1493,35,F,10,94970,19,no
1494,34,F,15,99770,10,yes
1495,41,F,18,174560,86,yes
1496,39,F,16,87660,40,yes
1497,35,M,16,99260,19,yes
1498,31,F,17,104120,13,yes
1499,38,M,2,23070,7,no
1500,38,F,6,45080,54,no
1501,41,M,9,69700,150,no
1502,41,M,11,60070,135,no
1503,42,M,4,50940,22,no
1504,35,F,3,23040,188,no
1505,41,F,21,24250,98,yes
1506,40,M,5,34340,207,no
1507,47,M,29,243120,57,yes
1508,37,M,10,91290,97,no
1509,44,M,2,11850,71,no
1510,34,F,18,143110,101,no
1511,31,M,8,48870,44,yes
1512,37,F,30,153920,74,yes
1513,36,M,17,137790,16,yes
1514,36,M,23,131450,76,yes
1515,40,F,9,54640,42,no
1516,44,M,11,111390,114,no
1517,35,M,4,37710,32,no
1518,44,F,7,67860,117,no
1519,38,F,17,139820,145,no
1520,40,F,9,60190,40,no
1521,37,F,38,197000,28,yes
1522,38,F,19,84370,102,yes
1523,37,F,6,46100,52,no
1524,40,F,13,85960,127,no
1525,48,M,19,160690,31,yes
1526,35,F,15,153090,200,no
1527,45,M,29,218790,60,yes
1528,32,M,15,117880,107,yes
1529,43,M,7,63610,55,no
1530,37,M,2,20840,56,no
1531,36,F,8,64790,63,no
1532,35,M,2,20610,56,no
1533,34,M,15,83550,18,yes
1534,38,F,17,90450,39,yes
1535,43,M,2,17760,35,no
1536,39,F,10,53610,43,no
1537,43,F,10,56850,40,no
1538,35,M,9,90780,29,no
1539,42,F,2,24510,7,no
1540,41,M,20,66880,93,yes
1541,38,F,6,48680,57,no
1542,31,F,12,117550,48,yes
1543,30,F,13,145780,179,no
1544,41,M,6,57670,55,no
1545,43,F,13,93570,46,no
1546,36,F,23,201920,161,no
1547,27,F,20,176800,60,yes
1548,36,M,6,51760,101,no
1549,48,F,13,86120,85,no
1550,34,F,5,61430,113,no
1551,38,M,8,84630,102,no
1552,44,F,7,102150,4,yes
1553,38,F,3,17880,69,no
1554,32,F,30,244400,90,yes
1555,36,F,10,64870,42,no
1556,31,M,10,80900,15,no
1557,40,F,9,85680,40,no
1558,38,M,19,158300,58,yes
1559,33,F,1,10560,14,no
1560,34,M,8,56240,27,no
1561,40,M,5,53340,59,no
1562,32,M,17,74690,7,yes
1563,41,M,18,95700,13,yes
1564,33,M,9,80560,169,no
1565,38,F,14,122080,68,yes
1566,41,F,6,53490,35,no
1567,35,M,18,52090,11,yes
1568,37,F,21,160440,56,yes
1569,36,F,6,43000,125,no
1570,37,F,3,24700,24,no
1571,23,F,10,54340,69,no
1572,35,M,18,145610,30,yes
1573,37,F,11,56080,34,no
1574,32,F,20,177270,32,yes
1575,33,M,6,52200,55,no
1576,45,M,14,88440,21,yes
1577,36,F,6,38880,6,yes
1578,36,M,3,21180,123,no
1579,35,F,5,46330,80,no
1580,36,F,25,195720,55,yes
1581,39,M,12,76090,90,no
1582,26,M,10,45410,51,no
1583,29,F,23,258620,20,yes
1584,39,F,30,263290,22,yes
1585,35,F,1,8300,31,no
1586,42,M,10,82130,175,no
1587,32,F,26,173660,131,yes
1588,32,F,5,32620,33,no
1589,40,F,23,231300,2,yes
1590,46,F,16,112340,18,yes
1591,41,F,4,25900,90,no
1592,36,M,8,40000,31,no
1593,36,F,7,78080,6,no
1594,33,M,3,31680,76,no
1595,34,F,13,82470,1,yes
1596,37,M,27,198530,10,yes
1597,33,M,6,40160,60,no
1598,38,F,5,39260,53,no
1599,48,M,14,72930,16,yes
1600,43,F,17,151090,55,yes
1601,41,M,4,43210,140,no
1602,42,F,10,56820,15,yes
1603,39,F,10,55040,110,no
1604,42,M,10,69730,78,no
1605,31,M,23,126760,47,yes
1606,32,F,19,78900,22,yes
1607,52,M,17,156930,75,yes
1608,38,F,12,62780,44,no
1609,35,F,19,89180,32,yes
1610,42,M,15,116660,12,yes
1611,33,F,29,149610,45,yes
1612,39,M,17,94760,41,yes
1613,41,F,9,82970,48,yes
1614,33,F,11,51000,114,no
1615,37,F,13,106580,107,no
1616,35,M,25,198330,1,yes
1617,37,F,30,262740,45,yes
1618,37,M,4,23390,229,no
1619,35,M,2,20590,31,no
1620,31,M,22,136260,17,yes
1621,30,F,18,125780,96,no
1622,40,F,1,13940,207,no
1623,42,M,24,209270,32,yes
1624,34,F,18,87310,19,yes
1625,43,F,1,11880,116,no
1626,38,M,15,102390,61,no
1627,34,M,35,266810,100,yes
1628,26,F,10,67520,161,no
1629,43,M,20,114230,101,yes
1630,44,F,19,117040,29,yes
1631,37,M,6,37230,16,no
1632,37,F,9,79270,55,no
1633,42,M,33,245700,22,yes
1634,33,M,5,46340,110,no
1635,33,M,19,143640,47,yes
1636,30,F,11,26510,20,yes
1637,39,F,17,120440,32,yes
1638,38,F,17,132780,28,yes
1639,40,F,12,91650,14,yes
1640,31,M,18,141170,44,no
1641,36,F,9,70640,55,yes
1642,36,M,9,44320,6,no
1643,39,F,5,20450,103,no
1644,40,F,12,59140,28,no
1645,43,F,26,113860,45,yes
1646,32,M,4,34480,104,no
1647,34,F,13,88510,42,no
1648,37,M,13,43870,5,yes
1649,30,M,27,217010,9,yes
1650,35,F,15,144390,20,yes
1651,39,F,4,28020,129,no
1652,32,M,8,82390,27,no
1653,36,M,23,290180,15,yes
1654,44,F,10,89220,42,no
1655,41,F,8,76220,27,no
1656,41,M,14,55550,42,no
1657,37,F,14,59390,23,yes
1658,33,F,17,126110,24,yes
1659,33,M,20,109900,49,yes
1660,30,M,14,121210,88,no
1661,39,M,29,203950,45,yes
1662,32,M,15,133820,181,no
1663,40,F,9,59600,33,no
1664,37,M,8,63380,30,yes
1665,41,M,6,31440,21,no
1666,36,F,4,32580,46,no
1667,33,F,4,38830,20,no
1668,40,M,7,25670,69,no
1669,39,F,4,35280,52,no
1670,40,M,3,3870,3,no
1671,39,F,19,165120,57,yes
1672,36,M,37,310980,36,yes
1673,41,F,2,18720,78,no
1674,34,F,10,68880,216,no
1675,35,F,16,137110,27,yes
1676,37,F,11,83380,91,no
1677,44,F,11,76180,51,no
1678,37,F,38,375000,16,yes
1679,37,M,15,64840,8,yes
1680,35,F,26,206870,38,yes
1681,37,M,6,50340,109,no
1682,43,M,2,15950,36,no
1683,44,F,10,67190,20,yes
1684,36,M,7,45240,40,no
1685,37,M,4,26410,57,no
1686,42,M,13,103050,10,yes
1687,41,F,15,84270,59,no
1688,39,F,15,96970,28,yes
1689,38,M,37,127600,4,yes
1690,29,M,11,68660,104,no
1691,30,F,24,215530,132,yes
1692,38,M,26,121850,45,yes
1693,42,M,1,8190,76,no
1694,39,F,21,161400,115,yes
1695,41,M,23,103490,20,yes
1696,42,M,13,146830,206,no
1697,43,F,29,352780,31,yes
1698,28,F,4,37750,39,no
1699,41,F,11,82210,7,yes
1700,31,F,17,105430,17,yes
1701,31,F,22,228730,31,yes
1702,51,F,15,99370,117,no
1703,41,F,11,112890,56,no
1704,33,F,13,118550,8,yes
1705,36,M,16,156850,36,yes
1706,29,M,4,38570,53,no
1707,41,M,13,145200,133,no
1708,33,F,16,159010,35,yes
1709,34,F,11,114620,8,yes
1710,40,F,10,79120,19,yes
1711,40,M,13,166490,109,no
1712,37,M,10,25680,39,no
1713,46,F,26,127040,10,yes
1714,36,M,9,38970,29,no
1715,45,F,9,67450,35,no
1716,30,F,9,96980,8,no
1717,38,M,4,33230,40,no
1718,43,M,9,37940,11,yes
1719,37,M,6,37360,10,no
1720,30,F,23,152010,48,yes
1721,40,M,12,95520,32,yes
1722,38,F,17,150350,59,yes
1723,43,F,20,155400,60,yes
1724,39,F,5,40200,129,no
1725,36,F,5,38410,83,no
1726,32,F,8,58470,173,no
1727,41,F,24,259950,43,yes
1728,44,F,17,124530,72,yes
1729,35,M,5,39190,26,no
1730,27,F,12,77120,48,yes
1731,45,M,17,119960,56,yes
1732,37,F,25,126070,70,yes
1733,35,F,13,102720,20,yes
1734,27,F,19,170130,21,yes
1735,42,F,13,86230,41,yes
1736,46,M,2,17530,19,no
1737,41,F,16,93880,56,yes
1738,48,M,19,130430,34,yes
1739,44,F,1,11420,16,no
1740,37,F,18,86420,14,yes
1741,42,F,14,28500,10,yes
1742,30,F,10,64600,195,no
1743,32,M,15,113590,210,no
1744,41,M,14,134040,51,yes
1745,37,M,29,202110,198,yes
1746,46,F,8,42930,20,no
1747,36,F,29,225520,6,yes
1748,39,M,12,42830,189,no
1749,36,F,24,181420,94,yes
1750,40,F,14,137980,45,yes
1751,33,M,4,45310,66,no
1752,37,F,2,20180,24,no
1753,41,M,5,39550,77,no
1754,36,F,1,16510,50,no
1755,46,F,23,232920,125,yes
1756,41,M,28,242180,49,yes
1757,26,M,5,32460,121,no
1758,36,M,3,26870,27,no
1759,29,M,7,52170,41,no
1760,30,F,13,143990,40,yes
1761,43,F,27,255670,8,yes
1762,43,F,12,53800,35,yes
1763,41,M,12,90220,52,yes
1764,35,M,8,71330,59,no
1765,35,F,13,103340,85,no
1766,35,M,6,38840,34,no
1767,31,F,12,121630,59,yes
1768,32,M,7,65360,40,no
1769,32,M,9,72280,9,no
1770,37,F,22,184050,41,yes
1771,28,M,17,194090,73,yes
1772,39,M,3,35450,58,no
1773,35,F,9,64030,1,yes
1774,40,F,35,314870,3,yes
1775,33,M,15,95160,23,yes
1776,38,M,20,157160,3,yes
1777,30,M,7,46040,44,no
1778,30,F,16,122700,14,yes
1779,33,M,8,58280,169,no
1780,44,M,5,38430,45,no
1781,30,F,14,103680,5,yes
1782,40,F,10,52650,4,yes
1783,36,F,27,167290,64,yes
1784,37,M,18,208170,47,yes
1785,36,M,2,15730,47,no
1786,38,M,1,13200,40,no
1787,31,M,2,16640,44,no
1788,30,M,7,51160,2,no
1789,33,F,3,16500,48,no
1790,32,M,15,136870,46,yes
1791,37,M,10,92370,5,yes
1792,44,M,29,283960,184,yes
1793,33,F,12,68900,60,no
1794,27,M,2,24140,44,no
1795,33,M,16,90940,44,yes
1796,28,M,5,29150,59,no
1797,31,F,8,78420,56,no
1798,36,F,8,61210,200,no
1799,31,M,6,59520,26,no
1800,41,F,16,181720,21,yes
1801,37,M,7,68290,109,no
1802,32,F,11,78610,105,no
1803,38,F,14,82670,49,no
1804,39,F,15,94600,170,no
1805,37,M,11,54470,88,no
1806,40,M,26,261780,15,yes
1807,41,M,11,103860,41,yes
1808,27,M,18,155190,185,no
1809,34,M,2,17950,166,no
1810,33,M,4,27420,16,no
1811,32,F,8,109850,5,yes
1812,39,M,18,129650,108,no
1813,38,F,5,55400,19,yes
1814,45,M,10,62090,36,no
1815,41,F,2,22380,153,no
1816,40,M,14,90610,108,no
1817,35,F,9,66900,60,no
1818,34,F,16,172970,23,yes
1819,36,F,36,341360,14,yes
1820,21,M,24,245670,3,yes
1821,39,F,6,48020,24,no
1822,33,F,4,24980,3,no
1823,40,M,20,115830,53,yes
1824,37,M,17,103540,50,yes
1825,41,F,22,133120,47,yes
1826,42,M,1,55990,6,no
1827,32,F,30,224300,21,yes
1828,32,M,11,41350,38,no
1829,34,M,6,42270,36,no
1830,28,M,37,164600,23,yes
1831,40,F,3,19930,99,no
1832,38,M,5,36980,111,no
1833,37,F,28,238130,112,yes
1834,38,F,2,20970,17,no
1835,30,F,14,84500,44,yes
1836,40,M,24,121980,43,yes
1837,34,M,8,57110,16,no
1838,45,F,30,271210,32,yes
1839,26,F,11,89410,48,no
1840,34,F,28,198070,165,yes
1841,32,M,15,128820,38,yes
1842,39,M,27,210530,165,yes
1843,45,F,14,124130,36,yes
1844,44,F,7,39630,44,no
1845,36,M,18,94690,156,no
1846,34,F,6,46500,13,yes
1847,33,M,19,169020,28,yes
1848,40,F,18,94650,44,yes
1849,38,F,3,16670,52,no
1850,40,F,6,51790,38,no
1851,37,M,15,105620,103,no
1852,41,F,16,165040,1,yes
1853,31,M,11,84490,44,yes
1854,41,M,12,100920,46,yes
1855,26,M,1,13850,29,no
1856,34,F,25,200080,28,yes
1857,42,F,14,109320,149,no
1858,36,F,7,46330,4,no
1859,35,F,14,126290,30,yes
1860,33,M,14,150320,59,yes
1861,35,F,30,304050,56,yes
1862,43,F,4,27430,26,no
1863,34,F,17,94410,21,yes
1864,40,F,8,66730,20,no
1865,35,F,14,109860,29,no
1866,33,F,14,74810,136,no
1867,27,F,9,85590,63,no
1868,39,M,7,48630,140,no
1869,38,F,2,24390,29,no
1870,39,M,11,100210,82,no
1871,41,F,20,109040,29,yes
1872,31,F,9,42370,225,no
1873,35,M,7,50620,31,no
1874,38,M,12,85780,2,yes
1875,36,F,17,88820,7,yes
1876,33,F,30,374800,9,yes
1877,35,M,1,14740,3,no
1878,47,F,15,41900,60,yes
1879,37,F,4,21490,27,no
1880,39,F,25,216210,85,yes
1881,41,F,20,126180,25,yes
1882,39,M,1,11220,56,no
1883,42,F,11,102240,16,yes
1884,34,M,15,104810,41,yes
1885,38,M,9,79190,10,no
1886,41,F,4,34920,28,no
1887,46,F,7,43190,6,yes
1888,45,F,7,51860,9,yes
1889,39,M,18,139830,32,yes
1890,28,F,2,17420,94,no
1891,46,F,18,101770,33,yes
1892,33,M,10,86540,60,no
1893,38,F,1,10830,3,no
1894,32,M,4,36430,44,no
1895,27,M,18,102850,48,yes
1896,37,M,26,158570,176,yes
1897,38,F,29,204390,44,yes
1898,30,M,21,165220,2,yes
1899,41,F,29,189050,14,yes
1900,33,M,2,18700,53,no
1901,25,M,13,76710,33,no
1902,41,M,15,133360,106,no
1903,31,F,35,206410,42,yes
1904,32,F,19,158910,99,yes
1905,35,F,14,78220,30,yes
1906,40,M,7,28570,51,no
1907,39,F,5,59530,47,no
1908,31,F,15,111620,62,yes
1909,38,M,8,52290,8,yes
1910,32,M,4,33020,12,no
1911,33,F,28,225380,46,yes
1912,42,F,6,50760,26,no
1913,47,M,18,124240,33,yes
1914,36,F,15,127280,99,no
1915,37,F,36,232890,88,yes
1916,40,M,4,31210,78,no
1917,51,M,5,44070,39,no
1918,39,F,5,25940,59,no
1919,38,M,6,49460,47,no
1920,32,F,19,162500,119,yes
1921,36,F,7,50650,187,no
1922,40,M,20,151050,183,no
1923,40,F,15,62430,3,yes
1924,32,F,2,11840,102,no
1925,37,M,18,189660,98,yes
1926,41,M,7,54600,164,no
1927,31,F,6,104120,50,no
1928,37,F,4,32860,59,no
1929,45,M,11,78170,11,no
1930,34,F,6,35890,145,no
1931,37,F,3,24650,70,no
1932,40,F,7,72990,118,no
1933,29,M,18,164820,158,no
1934,38,F,3,30210,65,no
1935,28,M,5,27130,27,no
1936,31,M,5,44430,8,no
1937,39,F,25,237750,5,yes
1938,40,M,10,63080,53,no
1939,29,M,34,218060,15,yes
1940,30,F,19,118620,13,yes
1941,38,M,1,14290,102,no
1942,32,M,4,32830,41,no
1943,34,M,16,155820,137,no
1944,29,M,13,139040,25,yes
1945,37,M,26,150590,46,yes
1946,37,M,1,12730,5,no
1947,36,F,14,101320,53,yes
1948,37,F,30,350140,67,yes
1949,31,F,4,38390,7,no
1950,44,M,1,12980,54,no
1951,38,M,1,13170,118,no
1952,33,F,8,82810,26,yes
1953,37,M,11,70930,101,no
1954,39,F,15,97070,13,yes
1955,37,F,12,116390,61,yes
1956,35,F,1,8450,5,no
1957,34,F,9,93670,9,yes
1958,32,M,10,72390,12,yes
1959,40,F,8,67350,44,no
1960,28,F,17,143780,91,yes
1961,41,M,4,28730,61,no
1962,34,F,20,91780,32,yes
1963,40,F,8,71240,2,yes
1964,40,F,10,96660,93,no
1965,40,F,30,248520,52,yes
1966,37,F,12,132940,89,no
1967,41,M,20,186570,175,no
1968,34,F,8,83150,55,no
1969,39,M,11,68130,17,yes
1970,40,M,22,159520,18,yes
1971,34,F,18,75490,28,yes
1972,34,F,21,75450,22,yes
1973,39,F,17,97870,8,yes
1974,32,M,13,82910,55,yes
1975,45,M,1,11500,126,no
1976,39,M,37,247610,31,yes
1977,41,M,4,30170,9,no
1978,38,F,6,43920,67,no
1979,35,M,6,44010,87,no
1980,36,M,21,169040,20,yes
1981,36,F,11,76430,30,yes
1982,24,F,23,126170,138,no
1983,44,F,9,70670,106,no
1984,35,F,26,164090,172,no
1985,34,F,37,223670,146,yes
1986,31,M,5,41010,19,no
1987,34,F,2,20300,226,no
1988,27,M,15,88540,60,yes
1989,38,M,14,101120,30,no
1990,46,M,20,100810,3,yes
1991,40,M,22,178960,9,yes
1992,37,F,22,217640,33,yes
1993,36,F,8,49760,20,no
1994,35,F,20,247210,48,yes
1995,39,M,6,34450,21,no
1996,46,F,6,106520,54,no
1997,40,F,26,220560,197,yes
1998,34,F,5,35160,9,yes
1999,32,F,6,410,192,no
2000,38,F,1,15060,77,no
2001,36,M,5,44370,30,no
2002,34,F,11,89820,41,no
2003,39,M,2,20040,61,no
2004,38,F,1,8530,21,no
2005,38,M,3,23400,20,no
2006,44,F,13,97180,39,yes
2007,41,F,2,18720,11,no
2008,42,F,3,23540,59,no
2009,38,F,10,41900,9,no
2010,39,F,12,80380,29,no
2011,40,F,8,71030,59,no
2012,37,M,9,101600,52,no
2013,25,F,2,26000,167,no
2014,39,F,12,84150,14,yes
2015,40,M,6,48950,17,no
2016,31,F,1,13850,54,no
2017,36,M,10,44750,15,yes
2018,47,F,8,51180,117,no
2019,43,F,2,20170,117,no
2020,43,M,2,18920,9,no
2021,27,F,1,11640,34,no
2022,33,F,26,284460,43,yes
2023,37,M,7,61080,18,no
2024,33,M,4,21000,3,no
2025,40,F,22,104130,56,yes
2026,35,F,1,12120,58,no
2027,42,M,13,141530,44,no
2028,39,F,24,181120,39,yes
2029,41,F,7,66720,31,no
